id;first_name;last_name;address;phone_number;created_date;updated_date
1;Mathurin;Leclerc;triste pendre snif;partenaire de peur de biathlète;2024-02-02T01:56:21;2024-02-01T08:23:04
2;Michel;Joly;à bas de;fourbe;2024-02-02T05:18:01;2024-02-02T08:06:18
3;Mégane;Vasseur;jusque spécialiste;prestataire de services de sorte que;2024-02-01T21:06:52;2024-02-01T14:14:59
4;Waleran;Noel;atchoum rester smack;absolument du côté de de sorte que;2024-02-02T04:36:35;2024-02-01T10:55:13
5;Basilisse;Noel;lâche tendre;bien de façon que;2024-02-01T13:35:02;2024-02-02T01:42:25
6;Émérance;Clement;multiple;rudement;2024-02-01T09:16:32;2024-02-02T01:46:27
7;Adalbaude;Leroy;émettre;sous;2024-02-01T13:12:11;2024-02-01T15:29:42
8;Alberte;Bertrand;publier;horrible;2024-02-01T21:06:33;2024-02-01T11:14:06
9;Zoéva;Nicolas;parce que pendant que rédaction;tic-tac biathlète;2024-02-01T18:31:15;2024-02-02T02:04:42
10;Pierre;Sanchez;comme sans que lunatique;tchou tchouu raisonner ensuite;2024-02-02T07:00:25;2024-02-02T04:22:20
